-- phpMyAdmin SQL Dump
-- version 5.0.3
-- https://www.phpmyadmin.net/
--
-- Host: 127.0.0.1
-- Generation Time: Mar 24, 2021 at 03:16 AM
-- Server version: 10.4.14-MariaDB
-- PHP Version: 7.4.11

SET SQL_MODE = "NO_AUTO_VALUE_ON_ZERO";
START TRANSACTION;
SET time_zone = "+00:00";


/*!40101 SET @OLD_CHARACTER_SET_CLIENT=@@CHARACTER_SET_CLIENT */;
/*!40101 SET @OLD_CHARACTER_SET_RESULTS=@@CHARACTER_SET_RESULTS */;
/*!40101 SET @OLD_COLLATION_CONNECTION=@@COLLATION_CONNECTION */;
/*!40101 SET NAMES utf8mb4 */;

--
-- Database: `account`
--

-- --------------------------------------------------------

--
-- Table structure for table `add_money`
--

CREATE TABLE `add_money` (
  `add_money_id` int(11) NOT NULL,
  `money_amount` int(11) NOT NULL,
  `account_type` int(11) NOT NULL,
  `date` date NOT NULL,
  `description` text NOT NULL,
  `status` int(11) NOT NULL DEFAULT 0
) ENGINE=InnoDB DEFAULT CHARSET=utf8mb4;

--
-- Dumping data for table `add_money`
--

INSERT INTO `add_money` (`add_money_id`, `money_amount`, `account_type`, `date`, `description`, `status`) VALUES
(1, 122723, 1, '1398-11-27', 'این مقدار پول جهت برداشت بخاطر برداشت های دای نبی اظافه میشود تا از این مقدار پول معاش پسران وی را و ضع نموده و متباقی را برداشت وی بگیرم', 0),
(2, 0, 1, '1398-11-27', '0', 1),
(3, 1520, 1, '1398-11-27', 'این مقدار پول جهت براشت احمد فهیم اظافه میشود', 0),
(4, 700000, 1, '1398-11-27', 'این مقدار پول بخاطر  برداشت مصارف کرایه بار ثبت سیستم میشود که قبلا خریداری شده است البته مصارف تقریبی میباشد', 0),
(5, 3500, 1, '1398-11-29', 'پول احمد پسر حاجی بدرالدین است که ازقبل قرضدار است', 0),
(6, 2200, 1, '1398-11-30', 'از جمله ده هزار پول رسید شده سردار 7800 برای فرشید رسید شد و 2200 به دخل اظافه شد', 0),
(7, 1730, 1, '1398-11-30', 'این مقدار پول از فروش اجناس ثبت نشده به سیستم و مفاد اجناس  فرشید و هوشنگ که به نقد خریداری شده بود حصول کردیده', 0),
(8, 450000, 1, '1398-11-27', 'این مقدار پول را جهت مصارف بار بصورت تخمینی ثبت سیستم میکنیم که تا در محاسبه سیستم دوچار مشکل نشود این مصارف را قبل از آماده ساختن سیستم نموده بودیم', 0),
(9, 41150, 2, '1398-11-27', 'این مقدار پول موجود دخل دوکان صدف بعد از آماده ساختن سیستم است و تااین تاریخ حسابهای اش صفر شده است', 0),
(10, 5000, 2, '1398-11-27', 'این مقدار پول را دای نبی از دوکان صدف برداشت نموده بوده قبل از آماده شدن سیستم به همین خاطر شامل سیستم میکنیم که واپس برداشت دای را بگیریم', 0),
(11, 20000, 1, '1398-12-08', 'از جمله 70000 هفتاد هزار افغانی که نذیر احمد رسید نموده به مبلغ پنجاه هزار افغانی بردگی فرامرز داماد دای شد و متباقی 20000 بیست هزار افغانی را شامل سیستم نمودیم', 0),
(12, 15000, 1, '1398-12-10', 'رسیدگی سردار محمد از اجناس که قبل از سیستم به فروش رسیده بوده', 0);

-- --------------------------------------------------------

--
-- Table structure for table `buy_factor`
--

CREATE TABLE `buy_factor` (
  `buy_factor_id` int(11) UNSIGNED NOT NULL,
  `company_id` int(10) UNSIGNED NOT NULL,
  `store_id` int(10) UNSIGNED NOT NULL,
  `factor_code` varchar(60) NOT NULL,
  `buy_date` date NOT NULL,
  `discount` float NOT NULL,
  `current_payment` double NOT NULL,
  `total_payment` double NOT NULL,
  `user_id` int(10) UNSIGNED NOT NULL,
  `status` smallint(5) UNSIGNED NOT NULL
) ENGINE=InnoDB DEFAULT CHARSET=utf8mb4;

--
-- Dumping data for table `buy_factor`
--

INSERT INTO `buy_factor` (`buy_factor_id`, `company_id`, `store_id`, `factor_code`, `buy_date`, `discount`, `current_payment`, `total_payment`, `user_id`, `status`) VALUES
(10, 2, 3, '3705', '1398-11-27', 0, 1403030, 1403030, 1, 0),
(11, 1, 3, '3619', '1398-11-27', 0, 445093, 445093, 1, 0),
(12, 3, 3, '82', '1398-11-27', 0, 6254990, 6254990, 1, 0),
(13, 2, 3, '4626', '1398-11-18', 0, 274761, 42940, 1, 0),
(14, 1, 3, '66800', '1398-11-16', 0, 699482, 699482, 1, 0),
(15, 6, 1, '3344', '1398-11-16', 0, 55039, 55039, 1, 0),
(16, 1, 1, '34', '1398-12-04', 0, 0, 200000, 1, 0),
(17, 5, 2, '678', '1398-12-17', 0, 35400, 35400, 1, 0),
(19, 5, 1, '2334', '1398-12-04', 0, 1342000, 1342000, 1, 0),
(20, 5, 2, '345', '1398-12-04', 0, 0, 20000000, 1, 0),
(21, 6, 1, '456', '1398-12-05', 0, 0, 5540, 1, 0),
(22, 1, 1, '789', '1398-12-05', 0, 0, 28000, 1, 0),
(23, 1, 2, '1003', '1398-12-04', 0, 0, 87120, 1, 0),
(24, 1, 1, '3566', '1398-12-11', 0, 0, 48000, 1, 0);

-- --------------------------------------------------------

--
-- Table structure for table `buy_product`
--

CREATE TABLE `buy_product` (
  `buy_product_id` int(11) UNSIGNED NOT NULL,
  `buy_factor_id` int(10) UNSIGNED NOT NULL,
  `product_id` int(10) UNSIGNED NOT NULL,
  `buy_price` double UNSIGNED NOT NULL,
  `sale_price` double UNSIGNED NOT NULL,
  `quantity` int(10) UNSIGNED NOT NULL,
  `status` smallint(5) UNSIGNED NOT NULL DEFAULT 0
) ENGINE=InnoDB DEFAULT CHARSET=utf8;

--
-- Dumping data for table `buy_product`
--

INSERT INTO `buy_product` (`buy_product_id`, `buy_factor_id`, `product_id`, `buy_price`, `sale_price`, `quantity`, `status`) VALUES
(22, 10, 14, 200, 280, 629, 0),
(23, 10, 17, 228, 290, 420, 0),
(24, 10, 13, 442, 530, 258, 0),
(26, 10, 23, 134, 150, 327, 0),
(27, 10, 26, 228, 250, 78, 0),
(28, 10, 21, 226, 266, 317, 0),
(29, 10, 12, 199, 275, 3555, 0),
(30, 10, 16, 116, 160, 957, 0),
(31, 10, 25, 116, 160, 282, 0),
(32, 10, 24, 226, 280, 57, 0),
(33, 10, 20, 339, 450, 45, 0),
(34, 10, 22, 163, 185, 212, 0),
(35, 10, 19, 264, 400, 77, 0),
(36, 11, 5, 207, 255, 1707, 0),
(37, 11, 6, 724, 950, 115, 0),
(38, 11, 7, 117, 200, 38, 0),
(39, 11, 8, 94, 125, 33, 0),
(40, 11, 4, 117, 150, 8, 0),
(41, 12, 1, 695, 765, 3490, 0),
(42, 12, 2, 792, 865, 1480, 0),
(43, 12, 3, 512, 590, 5190, 0),
(44, 13, 15, 225, 169, 100, 0),
(45, 13, 34, 110, 162, 44, 0),
(46, 13, 35, 200, 127, 46, 0),
(47, 13, 36, 200, 141, 60, 0),
(48, 14, 31, 487, 630, 558, 0),
(49, 14, 28, 177, 250, 296, 0),
(50, 14, 29, 197, 280, 799, 0),
(51, 14, 6, 724, 950, 160, 0),
(52, 14, 27, 115, 180, 200, 0),
(53, 14, 32, 133, 210, 497, 0),
(55, 15, 42, 95, 250, 43, 0),
(56, 15, 41, 63, 150, 51, 0),
(57, 15, 38, 33, 100, 149, 0),
(58, 15, 39, 106, 150, 169, 0),
(59, 15, 37, 63, 100, 121, 0),
(60, 15, 43, 106, 150, 62, 0),
(61, 15, 40, 106, 150, 31, 0),
(62, 15, 44, 233, 300, 8, 0),
(63, 15, 45, 159, 200, 35, 0),
(64, 16, 14, 200, 280, 1000, 0),
(65, 17, 28, 177, 250, 200, 0),
(66, 19, 14, 200, 280, 10, 0),
(67, 19, 23, 134, 150, 10000, 0),
(68, 20, 14, 200, 280, 100000, 0),
(69, 21, 14, 200, 280, 10, 0),
(70, 21, 28, 177, 250, 20, 0),
(73, 22, 14, 200, 280, 100, 0),
(75, 23, 2, 865, 792, 110, 0),
(76, 24, 14, 280, 200, 100, 0);

-- --------------------------------------------------------

--
-- Table structure for table `car_revenue`
--

CREATE TABLE `car_revenue` (
  `car_revenue_id` int(10) UNSIGNED NOT NULL,
  `revenue_amount` float NOT NULL,
  `date` date NOT NULL,
  `description` text NOT NULL
) ENGINE=InnoDB DEFAULT CHARSET=utf8;

-- --------------------------------------------------------

--
-- Table structure for table `catch_money`
--

CREATE TABLE `catch_money` (
  `id` int(11) NOT NULL,
  `amount` int(11) NOT NULL,
  `account_type` int(11) NOT NULL,
  `employee_id` int(11) NOT NULL,
  `date` date NOT NULL,
  `description` text NOT NULL,
  `status_payment` enum('برداشت','پرداخت') NOT NULL,
  `status` int(11) NOT NULL DEFAULT 0
) ENGINE=InnoDB DEFAULT CHARSET=utf8mb4;

--
-- Dumping data for table `catch_money`
--

INSERT INTO `catch_money` (`id`, `amount`, `account_type`, `employee_id`, `date`, `description`, `status_payment`, `status`) VALUES
(1, 47723, 1, 7, '1398-11-27', 'این مقدار پول ا 122723 افغانی که از جمله 75000 افغانی معاشات پسران دای وضع و متباقی  47723 فغانی برداشت دای شده است', 'برداشت', 0),
(2, 0, 1, 3, '1398-11-27', 'هیچ', 'برداشت', 0),
(3, 1520, 1, 3, '1398-11-27', 'بعد از تصفیه حساب احمد فهیم به مبلغ 1520 فغانی برداشت شخصی دارم جمله برداشت های من 31200 افغانی بوده که از جمله 29680 افغانی را من قبل از جیب شخصی خود در راستای شراکت مصرف نموده بودم مصارف همچو مصرف نان من ..مصرف نان در دوکان صدف و کرایه طیاره', 'برداشت', 0),
(4, 500, 1, 3, '1398-11-28', 'برداشت شخصی فهیم', 'برداشت', 0),
(5, 650, 1, 7, '1398-11-30', 'برداشت بخاطر کردت مبایل امید برداشت نموده است', 'برداشت', 0),
(6, 500, 1, 3, '1398-11-30', 'برداشت شخصی', 'برداشت', 0),
(7, 5000, 2, 7, '1398-11-27', '5000 هزار افغانی برداشت دای از دوکان صدف از نزد امین است', 'برداشت', 0),
(8, 1000, 1, 3, '1398-12-01', 'برداشت شخصی', 'برداشت', 0),
(9, 500, 1, 3, '1398-12-03', 'برداشت شخصی', 'برداشت', 0),
(10, 3000, 1, 3, '1398-12-06', 'شش هزار کرایه اوطاق مسجد جامع را گرفتم سه هزار امید پول برق من را داده بود و سه هزار افغانی را من جهت برداشتهای خود پرداخت نمودم', 'پرداخت', 0),
(11, 200000, 4, 11, '1398-08-06', 'بدست امید جان رسید شده است', 'پرداخت', 0),
(12, 295000, 4, 11, '1398-08-07', 'بدست امید پول نذیر احمد رسید شد فروش ویفر های سیمرغ', 'پرداخت', 0),
(13, 100000, 4, 11, '1398-08-07', 'بدست امید جان پول برادر غلام سخی', 'پرداخت', 0),
(14, 328000, 4, 11, '1398-11-05', 'سصدوبیست هشت هزار افغانی بدست امید از دوکان رسید شده', 'پرداخت', 0),
(15, 10000, 4, 11, '1398-07-09', 'ده هزار افغانی توسط امید برداشت شده است', 'برداشت', 0),
(16, 10000, 4, 11, '1398-07-20', 'ده هزار افغانی توسط امید برداشت شده است', 'برداشت', 0),
(17, 20000, 4, 11, '1398-07-22', 'بیست هزار افغانی امید برداشت کرده برای مصارف', 'برداشت', 0),
(18, 300000, 4, 11, '1398-07-28', 'سیصد هزار افغانی برداشت بخاطر باسط', 'برداشت', 0),
(19, 50000, 4, 11, '1398-08-09', 'پنجاه هزار افغانی برداشت بخاطر مصارف از طریق امید', 'برداشت', 0),
(20, 30000, 4, 11, '1398-08-11', 'سی هزار افغانی پول نقد برداشت امید برای مصرف بدست دای', 'برداشت', 0),
(21, 200000, 4, 11, '1398-09-10', 'دوصد هزار افغانی پول نقد بخاطر کمیشن کار', 'برداشت', 0),
(22, 100000, 4, 11, '1398-09-16', 'یکصد هزار افغانی برداشت برای مصارف دای', 'برداشت', 0),
(23, 200000, 4, 11, '1398-09-19', 'دوصد هزار برداشت بخاطر نعیم کمیشتن کار', 'برداشت', 0),
(24, 50000, 4, 11, '1398-11-14', 'پنجاه هزار برداشت بخاطر فرامرز', 'برداشت', 0),
(25, 100000, 5, 16, '1398-12-08', 'یکصد هزار افغانی رسید توسط امید رسولی', 'پرداخت', 0),
(26, 483000, 5, 16, '1398-12-08', 'مبلغ چهارلک هشتاد و سه هزار افغانی برداشت بخاطر خرید یکصد میلیون تومان ایرانی', 'برداشت', 0),
(27, 1500, 1, 3, '1398-12-08', 'برداشت شخصی', 'برداشت', 0),
(28, 252000, 5, 16, '1398-12-10', 'برداشت دوصدوپنجاه و دو هزار افغانی برای خرید پنجاه میلیون تومان', 'برداشت', 0),
(29, 3500, 1, 3, '1398-12-11', '3000 هزار افغانی برداشت پدر من و 500 افغانی برداشت پدر من', 'برداشت', 0),
(30, 5000, 1, 7, '1398-12-14', 'برداشت محمد نبی بخاطر قرض پرویز', 'برداشت', 0);

-- --------------------------------------------------------

--
-- Table structure for table `category`
--

CREATE TABLE `category` (
  `category_id` int(11) UNSIGNED NOT NULL,
  `category_name` varchar(40) NOT NULL,
  `status` int(11) NOT NULL DEFAULT 0
) ENGINE=InnoDB DEFAULT CHARSET=utf8;

--
-- Dumping data for table `category`
--

INSERT INTO `category` (`category_id`, `category_name`, `status`) VALUES
(1, 'مواد غذایی', 0);

-- --------------------------------------------------------

--
-- Table structure for table `company`
--

CREATE TABLE `company` (
  `company_id` int(11) UNSIGNED NOT NULL,
  `company_name` varchar(40) NOT NULL,
  `phone` varchar(20) NOT NULL,
  `address` varchar(255) NOT NULL,
  `status` tinyint(3) UNSIGNED NOT NULL
) ENGINE=InnoDB DEFAULT CHARSET=utf8mb4;

--
-- Dumping data for table `company`
--

INSERT INTO `company` (`company_id`, `company_name`, `phone`, `address`, `status`) VALUES
(1, 'کارخانه تولیدی مواد غذای سیرنگ', '009378891435', 'ایران مشهد', 0),
(2, 'کارخانه  تولیدی مواد غذای سیمرغ', '0093798891436', 'ایران مشهد', 0),
(3, 'کارخانه تولیدی تایماز', '0093798891436', 'ایران مشهد', 0),
(4, 'شرکت تولیدی رب تایماز', '0098134256', 'ایران مشهد', 0),
(5, 'بازار آزاد', '0795526714', 'در هر نقطه از جهان که باشد', 0),
(6, 'شیرین وطن', '0098344556', 'ایران مشهد', 0);

-- --------------------------------------------------------

--
-- Table structure for table `currency`
--

CREATE TABLE `currency` (
  `currency_id` int(11) NOT NULL,
  `currency_name` varchar(30) NOT NULL,
  `status` tinyint(4) NOT NULL
) ENGINE=InnoDB DEFAULT CHARSET=utf8;

--
-- Dumping data for table `currency`
--

INSERT INTO `currency` (`currency_id`, `currency_name`, `status`) VALUES
(1, 'افغانی', 0),
(2, 'دالر', 0);

-- --------------------------------------------------------

--
-- Table structure for table `customer`
--

CREATE TABLE `customer` (
  `customer_id` int(11) UNSIGNED NOT NULL,
  `customer_type` varchar(20) DEFAULT NULL,
  `name` varchar(40) NOT NULL,
  `phone` varchar(20) NOT NULL,
  `address` varchar(255) NOT NULL,
  `status` smallint(5) UNSIGNED NOT NULL DEFAULT 0
) ENGINE=InnoDB DEFAULT CHARSET=utf8;

--
-- Dumping data for table `customer`
--

INSERT INTO `customer` (`customer_id`, `customer_type`, `name`, `phone`, `address`, `status`) VALUES
(1, '2', 'مشتریان متفرقه', '0795526714', 'متفرقه', 1),
(2, '2', 'صفی الله شبرغان', '0795526724', 'شبرغان میمنه', 1),
(3, '2', 'حاجی سید نادر هلمند', '0798402751', 'هلمند', 1),
(4, '1', 'صفی الله شبرغانی', '0799817135', 'شبرغان میمنه', 0),
(5, '1', 'حاجی سید نادر هلمند', '0798402751', 'هلمند', 0),
(6, '2', 'متفرقه', '0795526714', 'متفرقه', 0),
(7, '1', 'سردار محمد دروازه خشک', '0793716772', 'دروازه خشک', 0),
(8, '1', 'احمد جان پسر حاجی بدرالدین', '0796667374', 'پسر حاجی بدرالدین', 0),
(9, '1', 'نذیر احمدسمنگانی', '0799149557', 'سمنگان', 0),
(10, '1', 'محمد عارف', '0798997855', 'از فراه است داخل مارکت بشیری دوکان سر نفش از وی است', 0),
(11, '1', 'داود مارکت هری', '0796166030', 'هرات مارکت هری', 0),
(12, '1', 'نذیر مارکت حقیقت', '0798546423', 'مارکت حقیقت', 0);

-- --------------------------------------------------------

--
-- Table structure for table `customer_payment`
--

CREATE TABLE `customer_payment` (
  `customer_payment_id` bigint(20) NOT NULL,
  `sale_factor_id` int(11) NOT NULL,
  `payment_amount` float NOT NULL,
  `date` date NOT NULL
) ENGINE=InnoDB DEFAULT CHARSET=utf8;

--
-- Dumping data for table `customer_payment`
--

INSERT INTO `customer_payment` (`customer_payment_id`, `sale_factor_id`, `payment_amount`, `date`) VALUES
(1, 2, 140, '1398-11-28'),
(2, 26, 100000, '1398-12-13');

-- --------------------------------------------------------

--
-- Table structure for table `employee`
--

CREATE TABLE `employee` (
  `employee_id` int(11) UNSIGNED NOT NULL,
  `first_name` varchar(32) NOT NULL,
  `last_name` varchar(32) NOT NULL,
  `position` int(10) UNSIGNED NOT NULL,
  `education` varchar(32) NOT NULL DEFAULT 'لیسانس',
  `phone` varchar(16) NOT NULL,
  `email` varchar(128) DEFAULT NULL,
  `address` varchar(128) NOT NULL,
  `gender` enum('آقا','خانم') NOT NULL,
  `hire_date` date NOT NULL,
  `dob` date DEFAULT NULL,
  `marital_status` enum('مجرد','متاهل') NOT NULL,
  `salary` int(11) NOT NULL,
  `shift` varchar(32) NOT NULL,
  `status` int(11) NOT NULL DEFAULT 0
) ENGINE=InnoDB DEFAULT CHARSET=utf8;

--
-- Dumping data for table `employee`
--

INSERT INTO `employee` (`employee_id`, `first_name`, `last_name`, `position`, `education`, `phone`, `email`, `address`, `gender`, `hire_date`, `dob`, `marital_status`, `salary`, `shift`, `status`) VALUES
(1, 'امید', 'رسولی', 1, 'لیسانس', '0796241023', 'omid@gmail.com', 'هرات آب برده', 'آقا', '1398-07-24', NULL, 'مجرد', 7500, 'تمام وقت', 0),
(2, 'امین', 'رسولی', 1, 'لیسانس', '0796667374', 'hmin@gmail.com', 'هرات آب برده', 'آقا', '1398-07-24', NULL, 'مجرد', 7500, 'تمام وقت', 0),
(3, 'فهیم', 'صدیقی', 2, 'لیسانس', '0795526714', 'FAHIM@gmail.com', 'فراه', 'آقا', '1398-11-27', NULL, 'مجرد', 0, 'تمام وقت', 0),
(7, 'محمد نبی', 'رسولی', 2, 'لیسانس', '0798891436', 'NABI@gmail.com', 'فراهI', 'آقا', '1398-11-27', NULL, 'متاهل', 0, 'تمام وقت', 0),
(8, 'اسماعیل', 'دانش', 2, 'لیسانس', '0796961366', 'ESMAYL@gmail.com', 'فراه', 'آقا', '1398-11-27', NULL, 'متاهل', 0, 'تمام وقت', 0),
(11, 'صرافی برداشت و پرداخت افغانی', 'صرافی', 1, 'لیسانس', '0798232425', 'sarafi@gmail.com', 'هرات مارکت خراسان', 'آقا', '1398-12-08', NULL, 'متاهل', 1, 'تمام وقت', 0),
(15, 'صرافی برداشت و پرداخت دالر', 'صرافی', 3, 'لیسانس', '0796343536', 'sarafeei@gmail.com', 'هرات', 'آقا', '1398-12-08', NULL, 'متاهل', 1, 'تمام وقت', 0),
(16, 'صرافی عزیز', 'صرافی', 3, 'لیسانس', '0799661512', 'aziz@gmail.com', 'هرات جاده منارها', 'آقا', '1398-12-08', NULL, 'متاهل', 0, 'تمام وقت', 0);

-- --------------------------------------------------------

--
-- Table structure for table `employee_position`
--

CREATE TABLE `employee_position` (
  `position_id` int(11) UNSIGNED NOT NULL,
  `position_name` varchar(40) NOT NULL,
  `status` tinyint(3) UNSIGNED NOT NULL DEFAULT 0
) ENGINE=InnoDB DEFAULT CHARSET=utf8;

--
-- Dumping data for table `employee_position`
--

INSERT INTO `employee_position` (`position_id`, `position_name`, `status`) VALUES
(1, 'فروشنده', 0),
(2, 'مسول', 0),
(3, 'صراف', 0);

-- --------------------------------------------------------

--
-- Table structure for table `expense`
--

CREATE TABLE `expense` (
  `expense_id` int(11) UNSIGNED NOT NULL,
  `expense_reason_id` int(10) UNSIGNED NOT NULL,
  `description` text DEFAULT NULL,
  `amount` float NOT NULL,
  `currency` varchar(10) NOT NULL,
  `pay_date` date NOT NULL,
  `employee_id` int(11) UNSIGNED DEFAULT NULL,
  `account_id` int(11) NOT NULL,
  `receiver` varchar(64) DEFAULT NULL,
  `user_id` int(11) NOT NULL,
  `status` int(11) NOT NULL DEFAULT 0
) ENGINE=InnoDB DEFAULT CHARSET=utf8;

--
-- Dumping data for table `expense`
--

INSERT INTO `expense` (`expense_id`, `expense_reason_id`, `description`, `amount`, `currency`, `pay_date`, `employee_id`, `account_id`, `receiver`, `user_id`, `status`) VALUES
(1, 1, 'این مقدار پول جهت کرایه بار توسط محمد نبی برداشت شده است', 700000, 'افغانی', '1398-11-27', 7, 1, NULL, 1, 0),
(2, 5, '2200 بخاطر ساخت زینه پایه های آهنی برای دوکان و گدام و دوصد افغانی برای ترمیم چوکی', 2400, 'افغانی', '1398-11-30', 1, 1, NULL, 1, 0),
(3, 1, 'این مقدار پول مصرف بار است که قبل از آماده ساختن سیستم صورت گرفته و بخاطر اینکه سیستم درست بتواند مفاد و ضرر را محاسبه کند این مقدار پول را از بابت کرایه ومصارف اموال موجود شامل سیستم میکنیم', 450000, 'افغانی', '1398-11-27', 7, 1, NULL, 1, 0),
(4, 6, 'سرایه داری مارکت بشیری از این تاریخ ثبت سیستم شده است', 1000, 'افغانی', '1398-12-01', 3, 1, NULL, 1, 0),
(5, 1, 'پانزده هزار افغانی از بابت کمیشن برای نعیم زرگر از دوکان صدف برداشت شده است', 15000, 'افغانی', '1398-11-28', 1, 2, NULL, 1, 0),
(6, 5, 'پنج هزار افغانی برای خریداری  سیستم محاسبه از دوکان صدف برداشت شده', 5000, 'افغانی', '1398-11-28', 1, 2, NULL, 1, 0),
(7, 2, 'ده هزار افغانی بابت کرایه برج دلو برداشت شد', 10000, 'افغانی', '1398-12-01', 2, 2, NULL, 1, 0),
(8, 4, 'مصارف نان از تاریخ 27 /11 الی 8 / 12 به مبلغ 2690 شده است', 2690, 'افغانی', '1398-11-27', 2, 2, NULL, 1, 0),
(9, 6, 'بابت سرایه داری مارکت صدف', 300, 'افغانی', '1398-12-01', 2, 2, NULL, 1, 0),
(10, 8, 'برای انتقال بار', 200, 'افغانی', '1398-12-08', 3, 1, NULL, 1, 0),
(11, 5, 'خرید چهار کارتن زرویتا از فرشید با که اشتبای رفته بود', 3200, 'افغانی', '1398-12-10', 1, 1, NULL, 1, 0),
(12, 5, 'از جمله چهار هزار افغانی طلب وی یک هزار برای سیستم محاسبه رسید شد', 1000, 'افغانی', '1398-12-11', 3, 1, NULL, 1, 0),
(13, 1, 'برای کرایه بار', 170, 'افغانی', '1398-12-13', 3, 1, NULL, 1, 0),
(14, 1, 'بیست هزار افغانی برای نعیم زرگر پول کرایه بار', 20000, 'افغانی', '1398-12-14', 3, 1, NULL, 1, 0),
(15, 1, 'برای خواهر زاده دای مصرف بار', 1600, 'افغانی', '1398-12-14', 1, 1, NULL, 1, 0),
(16, 1, 'مصرف بار', 550, 'افغانی', '1398-12-14', 1, 1, NULL, 1, 0),
(17, 1, 'توسط امید برداشت شده', 4000, 'افغانی', '1398-12-14', 1, 1, NULL, 1, 0),
(18, 1, 'بخاطر انتقال بار', 130, 'افغانی', '1398-12-14', 3, 1, NULL, 1, 0);

-- --------------------------------------------------------

--
-- Table structure for table `expense_reason`
--

CREATE TABLE `expense_reason` (
  `expense_reason_id` int(11) UNSIGNED NOT NULL,
  `title` varchar(100) NOT NULL,
  `status` tinyint(3) UNSIGNED NOT NULL DEFAULT 0
) ENGINE=InnoDB DEFAULT CHARSET=utf8;

--
-- Dumping data for table `expense_reason`
--

INSERT INTO `expense_reason` (`expense_reason_id`, `title`, `status`) VALUES
(1, 'مصارف کرایه بار', 0),
(2, 'مصارف کرایه گدام ها', 0),
(3, 'مصارف برق', 0),
(4, 'مصرف نان و غیره', 0),
(5, 'خرید اجناس', 0),
(6, 'سرایه داری', 0),
(7, 'سرایه داری', 0),
(8, 'سه چرخ', 0);

-- --------------------------------------------------------

--
-- Table structure for table `first_equipment_money`
--

CREATE TABLE `first_equipment_money` (
  `first_money_eq_id` int(11) NOT NULL,
  `equipment_name` varchar(30) NOT NULL,
  `money_amount` float NOT NULL,
  `date` date NOT NULL,
  `description` text NOT NULL,
  `status` tinyint(4) NOT NULL DEFAULT 0
) ENGINE=InnoDB DEFAULT CHARSET=utf8;

--
-- Dumping data for table `first_equipment_money`
--

INSERT INTO `first_equipment_money` (`first_money_eq_id`, `equipment_name`, `money_amount`, `date`, `description`, `status`) VALUES
(1, 'امتیاز دوکان بشیری', 231750, '1398-08-08', 'خرید امتیاز دوکان بشیری از جمله سرمایه میباشد', 0),
(2, 'خیرید موتر مازداه و ترمیم بادی', 390000, '1398-04-05', 'خرید موتر مازداه به مبلغ 4700 دالر  و 300 دالر هم مصرف بادی آهنی اش شده است  و از جمله سرمایه مشترک است', 0),
(3, 'میزکار ,  چوکی دوکان صدف', 9500, '1398-06-01', 'بخاطر دوکان صدف خریداری شده است و دالر برای خرید اجناس ذیل افغانی شده است .', 0),
(4, 'لوازم آشپزی و فرش', 11500, '1398-06-01', 'لوازم آشپزی و فرش وغیره اجناس مانند جارو برقی و اتو . لامپ های بزرگ', 0),
(5, 'پایه های آهنی دوکان بشیری', 15000, '1398-08-08', 'پایه های آهنی دوکان بشیری برای خرید لوازم مذکور دالر به افغانی تبدیل شده است', 0),
(6, 'چوکی برای دوکان بشیری', 3000, '1398-08-08', 'چوکی دوکان صدف همرای دوکان بشیری تبدیل شد', 0),
(7, 'میز کار برای دوکان بشیری', 9000, '1398-08-08', 'خرید جهت رفع مشکلات', 0),
(8, 'کولر آبی و قفس چه', 4500, '1398-06-01', 'اجناس فوق داخل دوکان بود و از نزد صاحب قبلی اش خریداری شده است', 0),
(9, 'زینه پایه برای دوکان و گدام', 2400, '1398-11-30', 'زینه پایه بعد از آماده شدن سیستم خریداری شده است', 0),
(10, 'سیستم حسابداری', 12800, '1398-12-27', 'این سیستم در روی کامپیوتر شخصی احمد فهیم نصب شده است', 0);

-- --------------------------------------------------------

--
-- Table structure for table `money_store`
--

CREATE TABLE `money_store` (
  `store_id` int(11) NOT NULL,
  `name` varchar(100) NOT NULL,
  `money_amount` double NOT NULL,
  `currency_id` int(11) NOT NULL,
  `status` tinyint(4) NOT NULL DEFAULT 0
) ENGINE=InnoDB DEFAULT CHARSET=utf8;

--
-- Dumping data for table `money_store`
--

INSERT INTO `money_store` (`store_id`, `name`, `money_amount`, `currency_id`, `status`) VALUES
(1, 'دوکان مارکت بشیری', -143380, 1, 0),
(2, 'دوکان مارکت صدف', -16030, 1, 0),
(3, 'صندوق صرافی دالری', 0, 2, 0),
(4, 'صندوق صرافی افغانی', -47000, 1, 0),
(5, 'صرافی عزیز', -535000, 1, 0);

-- --------------------------------------------------------

--
-- Table structure for table `owner`
--

CREATE TABLE `owner` (
  `owner_id` int(11) NOT NULL,
  `full_name` varchar(50) NOT NULL,
  `date_share` date NOT NULL,
  `percentage` float NOT NULL,
  `status` tinyint(4) NOT NULL DEFAULT 0
) ENGINE=InnoDB DEFAULT CHARSET=utf8;

--
-- Dumping data for table `owner`
--

INSERT INTO `owner` (`owner_id`, `full_name`, `date_share`, `percentage`, `status`) VALUES
(1, 'محمد اسماعیل دانش', '1398-11-21', 33.33, 0),
(2, 'احمد فهیم صدیقی', '1398-11-21', 33.33, 0),
(3, 'محمد نبی رسولی', '1398-11-21', 33.33, 0);

-- --------------------------------------------------------

--
-- Table structure for table `product`
--

CREATE TABLE `product` (
  `product_id` int(11) UNSIGNED NOT NULL,
  `product_name` varchar(40) NOT NULL,
  `product_code` varchar(60) NOT NULL,
  `product_description` text DEFAULT NULL,
  `product_buy_price` double UNSIGNED NOT NULL,
  `product_sale_price` double UNSIGNED NOT NULL,
  `category_id` int(10) UNSIGNED NOT NULL,
  `unit_id` int(10) UNSIGNED NOT NULL,
  `status` int(11) NOT NULL DEFAULT 0
) ENGINE=InnoDB DEFAULT CHARSET=utf8;

--
-- Dumping data for table `product`
--

INSERT INTO `product` (`product_id`, `product_name`, `product_code`, `product_description`, `product_buy_price`, `product_sale_price`, `category_id`, `unit_id`, `status`) VALUES
(1, 'رب تایماز (800گرم)', '111102', 'خرید رب تایماز به دالر یازده هزار بوده است', 695, 765, 1, 2, 0),
(2, 'رب تایماز (400) گرم', '113130', 'رب تایماز به دالر یازده هزار خریداری شده است', 792, 865, 1, 1, 0),
(3, 'لوبیا تایماز 350 گرم', '45674', 'لوبیا تایماز به دالر دوازده هزار خریداری شده است', 512, 590, 1, 1, 0),
(4, 'کلوچه کام', '1', 'خرید از قرار فاکتور نمبر 3619 به تاریخ 15/ 09 / 1398  شده است از نگاه دالر یازده و هشتصد', 117, 150, 1, 5, 0),
(5, 'ویفر سوپر مانژ سیرنگ', '2', 'قرار فاکتور نمبر 3619 بتاریخ 15 / 09 / 1398 به دالر یازده و هشتصد', 207, 255, 1, 4, 0),
(6, 'شکلات مغزدار سیرنگ', '3', 'قرار فاکتور نمبر 3619 بتاریخ 15 / 09 / 1398 به دالر یازده و هشتصد', 724, 950, 1, 6, 0),
(7, 'ویفر لقمه ای', '4', 'قرار فاکتور نمبر 3619 بتاریخ 15 / 09 / 1398 به دالر یازده و هشتصد', 117, 200, 1, 7, 0),
(8, 'کیک لایه ای میوه 25 گرم', '5', 'قرار فاکتور نمبر 3619 بتاریخ 15 / 09 / 1398 به دالر یازده و هشتصد', 94, 125, 1, 8, 0),
(9, 'رب تایماز (800گرم)', '7', 'قرار فاکتور نمبر 1125 به تاریخ 09/ 07 / 1398 به دالر یازده هزار خریداری شده است', 695, 765, 1, 2, 0),
(10, 'رب تایماز (400) گرم', '8', 'قرار فاکتور نمبر 1125 به تاریخ 09/ 07 / 1398 به دالر یازده هزار خریداری شده است', 792, 865, 1, 1, 0),
(11, 'لوبیا تایماز 350 گرم', '9', 'قرار فاکتور نمبر 1125 به تاریخ 09/ 07 / 1398 به دالر یازده هزار خریداری شده است', 512, 600, 1, 1, 0),
(12, 'ویفر سوپر مانژ سیمرغ', '10', 'قرار فاکتو 3705 به تاریخ 12 / 09 / 1398 به دالر یازده و هشتصد خریداری شده است', 199, 275, 1, 4, 0),
(13, 'ویفر شکلاتی سیمرغ', '11', 'قرار فاکتو 3705 به تاریخ 12 / 09 / 1398 به دالر یازده و هشتصد خریداری شده است', 442, 530, 1, 10, 0),
(14, 'بیسکویت کریمدار سیمرغ', '12', 'قرار فاکتو 3705 به تاریخ 12 / 09 / 1398 به دالر یازده و هشتصد خریداری شده است', 200, 280, 1, 3, 0),
(15, 'بیسکویت ساقه طلای کوچک سیمرغ', '13', 'قرار فاکتو 3705 به تاریخ 12 / 09 / 1398 به دالر یازده و هشتصد خریداری شده است', 169, 225, 1, 3, 0),
(16, 'بیسکویت چاشت بزرگ', '15', 'قرار فاکتو 3705 به تاریخ 12 / 09 / 1398 به دالر یازده و هشتصد خریداری شده است', 116, 160, 1, 11, 0),
(17, 'کیک شکلاتی بزرک', '16', 'قرار فاکتو 3705 به تاریخ 12 / 09 / 1398 به دالر یازده و هشتصد خریداری شده است', 228, 290, 1, 4, 0),
(18, 'کیک تک قلو 30 گرم', '18', 'قرار فاکتور 3705 به تاریخ 12/ 09 / 1398 به دالر یازده و هشتصد خریداری شده است', 117, 160, 1, 5, 0),
(19, 'بیسکویت 600 گرم نارگیلی', '19', 'قرار فاکتور نمبر 3705 به تاریخ 12 /09 /1398 به دالر یازده و هشتصد صورت گرفته است .', 264, 400, 1, 12, 0),
(20, 'شوکو ویفر', '20', 'قرار فاکتور نمبر 2654 به تاریخ 09 /07 /1398', 339, 450, 1, 13, 0),
(21, 'کیک شکلاتی متوسط کم تاریخ', '21', 'قرار فکتور نمبر 2654 به تاریخ 09 /07/1398 به دالر یازده هزار خرید شده است', 226, 266, 1, 4, 0),
(22, 'ویفر مانژ موزی', '22', 'قرار فاکتور نمبر 2654 به تاریخ 09 /07 /1398 به دالر یازده هزار خرید شده است', 163, 185, 1, 4, 0),
(23, 'کیک دو لایه اسفنجی', '23', 'قرار فاکتور نمبر 2697 به تاریخ 11/ 07 / 1398 به دالر یازده هزار صورت گرفته', 134, 150, 1, 3, 0),
(24, 'کیک قلبی 40 عدد', '24', 'قرار فاکتور نمبر 2684 به تاریخ 11 /07 / 1398 از روگای دالر یازده هزار خرید شده است', 226, 280, 1, 4, 0),
(25, 'بیسکویت چاشت کوچک', '25', 'قرار فاکتور نمبر 2686 به تاریخ  11 / 07 / 1398 به دالر یازده هزار خریداری شده است', 116, 160, 1, 8, 0),
(26, 'کیک شکلاتی بزرک کم تاریخ', '26', 'قرار فکتور نمبر 2654 به تاریخ 09 /07/1398 به دالر یازده هزار خرید شده است', 228, 160, 1, 4, 0),
(27, 'کیک ولایه شفاف', '27', 'خرید این اجناس به دالر سیزده هزار ششصد شده است', 115, 180, 1, 7, 0),
(28, 'بیسکویت کریمدار سیرنگ', '28', 'خرید به دالر سزده هزار وششصد', 177, 250, 1, 3, 0),
(29, 'ویفر تبلیتی', '29', 'خرید به دالر سیزده هزارو ششصد', 197, 280, 1, 9, 0),
(30, 'شکلات سیرنگ 2', '30', 'خرید به دالر سیزده هزارو ششصد شده است', 682, 850, 1, 13, 0),
(31, 'کیک سه لایه سیرنگ', '31', 'خرید به دالر سیزده هزار و ششصد', 487, 630, 1, 13, 0),
(32, 'ویفر میوه ای کیلوی', '32', 'خرید اجناس به دالر سزده هزار ششصد', 133, 210, 1, 13, 0),
(33, 'بیسکویت ساقه طلای کوچک', '33', 'خرید به دالر سیزده هزار ششصد', 153, 225, 1, 3, 0),
(34, 'کیک جدید بادامی', '34', 'خرید به دالر سیزده هزار ششصد', 162, 110, 1, 7, 0),
(35, 'کیک جدید ساده', '35', 'خرید به دالر سیزده هزار ششصد', 127, 200, 1, 7, 0),
(36, 'کیک جدید شکلاتی', '36', 'خرید اجناس به دالر سیزده هزار ششصد شده است', 141, 200, 1, 7, 0),
(37, 'پتی پور 24 عدد', '37', 'خرید شیرین وطن', 63, 100, 1, 7, 0),
(38, 'پتی پور 48 عدد', '38', 'شیرین وطن', 33, 100, 1, 8, 0),
(39, 'پتی پور 40 عدد', '39', 'شیرین وطن', 106, 150, 1, 4, 0),
(40, 'بیسکویت مادر', '40', 'شیرین وطن', 106, 150, 1, 4, 0),
(41, 'بیسکویت خرمای 60 عدد', '41', 'شیرین وطن', 63, 150, 1, 5, 0),
(42, 'ویفر شیرین وطن', '422', 'شیرین وطن', 95, 250, 1, 3, 0),
(43, 'پاپل 40 عدد', '43', 'شیرین وطن', 106, 150, 1, 4, 0),
(44, 'بیسکویت پزیرای', '44', 'خرید شیرین وطن', 233, 300, 1, 13, 0),
(45, 'بیسکویت ساسبو', '45', 'شیرین وطن', 159, 200, 1, 5, 0);

-- --------------------------------------------------------

--
-- Table structure for table `product_store`
--

CREATE TABLE `product_store` (
  `product_stor_id` int(11) UNSIGNED NOT NULL,
  `store_id` int(10) UNSIGNED NOT NULL,
  `product_id` int(10) UNSIGNED NOT NULL,
  `quantity` int(10) UNSIGNED NOT NULL,
  `status` smallint(5) UNSIGNED NOT NULL DEFAULT 0
) ENGINE=InnoDB DEFAULT CHARSET=utf8;

--
-- Dumping data for table `product_store`
--

INSERT INTO `product_store` (`product_stor_id`, `store_id`, `product_id`, `quantity`, `status`) VALUES
(20, 3, 14, 398, 0),
(21, 3, 17, 0, 0),
(22, 3, 13, 131, 0),
(23, 3, 18, 0, 0),
(24, 3, 23, 327, 0),
(25, 3, 26, 78, 0),
(26, 3, 21, 317, 0),
(27, 3, 12, 3078, 0),
(28, 3, 16, 771, 0),
(29, 3, 25, 209, 0),
(30, 3, 24, 57, 0),
(31, 3, 20, 0, 0),
(32, 3, 22, 0, 0),
(33, 3, 19, 0, 0),
(34, 3, 5, 0, 0),
(35, 3, 6, 199, 0),
(36, 3, 7, 0, 0),
(37, 3, 8, 0, 0),
(38, 3, 4, 0, 0),
(39, 3, 1, 3280, 0),
(40, 3, 2, 1419, 0),
(41, 3, 3, 5119, 0),
(42, 1, 14, 1158, 0),
(43, 1, 17, 0, 0),
(44, 1, 13, 62, 0),
(45, 1, 18, 0, 0),
(46, 1, 12, 352, 0),
(47, 1, 5, 38, 0),
(48, 1, 16, 87, 0),
(49, 1, 25, 34, 0),
(50, 1, 6, 28, 0),
(51, 1, 20, 25, 0),
(52, 1, 7, 17, 0),
(53, 1, 22, 101, 0),
(54, 1, 19, 26, 0),
(55, 1, 8, 21, 0),
(56, 1, 4, 8, 0),
(57, 1, 3, 59, 0),
(58, 1, 1, 196, 0),
(59, 1, 2, 161, 0),
(60, 2, 14, 100074, 0),
(61, 2, 17, 1, 0),
(62, 2, 13, 64, 0),
(63, 2, 18, 0, 0),
(64, 2, 12, 116, 0),
(65, 2, 5, 177, 0),
(66, 2, 16, 74, 0),
(67, 2, 25, 39, 0),
(68, 2, 6, 19, 0),
(69, 2, 20, 0, 0),
(70, 2, 7, 0, 0),
(71, 2, 22, 92, 0),
(72, 2, 19, 0, 0),
(73, 2, 8, 11, 0),
(74, 2, 3, 12, 0),
(75, 2, 1, 14, 0),
(76, 3, 15, 90, 0),
(77, 3, 34, 0, 0),
(78, 3, 35, 0, 0),
(79, 3, 36, 0, 0),
(80, 1, 15, 0, 0),
(81, 3, 31, 208, 0),
(82, 3, 28, 246, 0),
(83, 3, 29, 462, 0),
(84, 3, 27, 0, 0),
(85, 3, 32, 139, 0),
(86, 1, 31, 209, 0),
(87, 2, 31, 67, 0),
(88, 1, 29, 134, 0),
(89, 1, 32, 68, 0),
(90, 2, 29, 160, 0),
(91, 2, 32, 180, 0),
(92, 1, 27, 0, 0),
(93, 1, 28, 54, 0),
(94, 2, 28, 215, 0),
(95, 1, 35, 9, 0),
(96, 1, 34, 21, 0),
(97, 1, 36, 21, 0),
(98, 2, 35, 10, 0),
(99, 2, 36, 10, 0),
(100, 1, 40, 31, 0),
(101, 1, 42, 38, 0),
(102, 1, 41, 51, 0),
(103, 1, 38, 149, 0),
(104, 1, 39, 169, 0),
(105, 1, 37, 121, 0),
(106, 1, 43, 42, 0),
(107, 1, 44, 8, 0),
(108, 1, 45, 35, 0),
(109, 1, 23, 10000, 0),
(110, 1, 33, 0, 0),
(111, 2, 2, 110, 0);

-- --------------------------------------------------------

--
-- Table structure for table `product_unit`
--

CREATE TABLE `product_unit` (
  `unit_id` int(10) UNSIGNED NOT NULL,
  `unit_name` varchar(40) NOT NULL,
  `unit_quantity` int(10) UNSIGNED NOT NULL,
  `status` int(11) NOT NULL DEFAULT 0
) ENGINE=InnoDB DEFAULT CHARSET=utf8mb4;

--
-- Dumping data for table `product_unit`
--

INSERT INTO `product_unit` (`unit_id`, `unit_name`, `unit_quantity`, `status`) VALUES
(1, 'بسته 24', 24, 0),
(2, 'بسته 12', 12, 0),
(3, 'فی کارتن 36', 36, 0),
(4, 'فی کارتن 40', 40, 0),
(5, 'فی کارتن 60', 60, 0),
(6, 'فی کارتن 12 کیلو', 12, 0),
(7, 'فی کارتن 24 عدد', 24, 0),
(8, 'فی کارتن 48 عدد', 48, 0),
(9, 'فی کارتن 34 عدد', 34, 0),
(10, 'فی کارتن 6 بسته', 6, 0),
(11, 'فی کارتن 21 عدد', 21, 0),
(12, 'فی کارتن 8 جعبه', 8, 0),
(13, 'فی کارتن', 1, 0),
(14, 'افغانی', 1, 1);

-- --------------------------------------------------------

--
-- Table structure for table `reason_pay`
--

CREATE TABLE `reason_pay` (
  `id` int(11) NOT NULL,
  `title` varchar(255) CHARACTER SET utf8mb4 COLLATE utf8mb4_persian_ci NOT NULL,
  `status` tinyint(4) NOT NULL DEFAULT 0
) ENGINE=InnoDB DEFAULT CHARSET=latin1;

-- --------------------------------------------------------

--
-- Table structure for table `revenue`
--

CREATE TABLE `revenue` (
  `revenue_id` int(11) NOT NULL,
  `account_type` varchar(100) NOT NULL,
  `money_amount` int(11) NOT NULL,
  `description` text NOT NULL
) ENGINE=InnoDB DEFAULT CHARSET=utf8mb4;

-- --------------------------------------------------------

--
-- Table structure for table `salary_payment`
--

CREATE TABLE `salary_payment` (
  `payment_id` int(10) UNSIGNED NOT NULL,
  `payment_amount` float NOT NULL,
  `payment_borrow` float NOT NULL,
  `payment_month` varchar(30) NOT NULL,
  `payment_date` date NOT NULL,
  `employee_id` int(10) UNSIGNED NOT NULL,
  `account_id` int(11) NOT NULL,
  `user_id` int(10) UNSIGNED NOT NULL,
  `status` tinyint(4) NOT NULL DEFAULT 0
) ENGINE=InnoDB DEFAULT CHARSET=utf8;

--
-- Dumping data for table `salary_payment`
--

INSERT INTO `salary_payment` (`payment_id`, `payment_amount`, `payment_borrow`, `payment_month`, `payment_date`, `employee_id`, `account_id`, `user_id`, `status`) VALUES
(1, 7500, 0, 'عقــرب', '1398-08-01', 1, 1, 1, 0),
(2, 7500, 0, 'قــوس', '1398-09-01', 1, 1, 1, 0),
(3, 7500, 0, 'جــدی', '1398-10-01', 1, 1, 1, 0),
(4, 7500, 0, 'دلـــو', '1398-11-01', 1, 1, 1, 0),
(5, 7500, 0, 'حـــوت', '1398-12-01', 1, 1, 1, 0),
(6, 7500, 0, 'عقــرب', '1398-08-01', 2, 1, 1, 0),
(7, 7500, 0, 'قــوس', '1398-09-01', 2, 1, 1, 0),
(8, 7500, 0, 'جــدی', '1398-10-01', 2, 1, 1, 0),
(9, 7500, 0, 'دلـــو', '1398-11-01', 2, 1, 1, 0),
(10, 7500, 0, 'حـــوت', '1398-12-01', 2, 1, 1, 0);

-- --------------------------------------------------------

--
-- Table structure for table `sales_return`
--

CREATE TABLE `sales_return` (
  `return_id` int(11) UNSIGNED NOT NULL,
  `sales_id` int(11) NOT NULL,
  `product_id` int(11) NOT NULL,
  `return_date` date NOT NULL,
  `reason` varchar(255) NOT NULL,
  `quantity` int(11) NOT NULL,
  `unitprice` int(11) NOT NULL,
  `totalprice` int(11) NOT NULL
) ENGINE=InnoDB DEFAULT CHARSET=utf8;

-- --------------------------------------------------------

--
-- Table structure for table `sale_factor`
--

CREATE TABLE `sale_factor` (
  `sale_factor_id` int(11) UNSIGNED NOT NULL,
  `sale_factor_code` varchar(60) NOT NULL,
  `discount` double UNSIGNED NOT NULL,
  `recieption_price` double UNSIGNED NOT NULL,
  `total_price` double UNSIGNED NOT NULL,
  `sale_date` date NOT NULL,
  `store_id` int(10) UNSIGNED NOT NULL,
  `customer_id` int(10) UNSIGNED NOT NULL,
  `user_id` int(11) UNSIGNED NOT NULL,
  `status` smallint(5) UNSIGNED NOT NULL DEFAULT 0
) ENGINE=InnoDB DEFAULT CHARSET=utf8mb4;

--
-- Dumping data for table `sale_factor`
--

INSERT INTO `sale_factor` (`sale_factor_id`, `sale_factor_code`, `discount`, `recieption_price`, `total_price`, `sale_date`, `store_id`, `customer_id`, `user_id`, `status`) VALUES
(5, '792', 0, 0, 17800, '1398-11-28', 1, 5, 1, 0),
(7, '793', 0, 10000, 100000, '1398-11-29', 3, 4, 1, 0),
(8, '00', 0, 280, 280, '1398-11-29', 1, 6, 1, 0),
(9, '55', 0, 0, 1290, '1398-11-29', 1, 8, 1, 0),
(10, '12', 0, 395, 395, '1398-12-25', 1, 6, 1, 0),
(11, '13', 0, 765, 765, '1398-11-30', 1, 6, 1, 0),
(12, '795', 0, 4605, 4605, '1398-12-03', 1, 6, 1, 0),
(13, '333', 0, 2470, 2470, '1398-12-04', 1, 6, 1, 0),
(14, '34', 0, 900, 900, '1398-12-04', 1, 6, 1, 0),
(15, '24', 0, 420, 420, '1398-12-06', 1, 6, 1, 0),
(16, '65', 0, 160, 160, '1398-12-08', 1, 6, 1, 0),
(17, '45', 0, 1190, 1190, '1398-12-06', 1, 6, 1, 0),
(18, '76', 0, 0, 50000, '1398-12-07', 3, 10, 1, 0),
(19, '65', 0, 0, 850, '1398-12-07', 1, 8, 1, 0),
(20, '987', 0, 35140, 35140, '1398-11-28', 2, 6, 1, 0),
(21, '456', 0, 5810, 5810, '1398-12-04', 2, 6, 1, 0),
(22, '675', 0, 0, 3100, '1398-12-08', 1, 6, 1, 0),
(23, '357', 0, 15080, 15080, '1398-12-08', 1, 6, 1, 0),
(24, '456', 0, 0, 0, '1398-12-11', 3, 6, 1, 0),
(25, '56', 0, 0, 0, '1398-12-11', 1, 6, 1, 0),
(26, '1', 0, 0, 0, '1398-12-11', 3, 4, 1, 0),
(27, '66', 0, 0, 0, '1398-12-12', 1, 6, 1, 0),
(28, '2', 0, 0, 125000, '1398-12-13', 3, 6, 1, 0),
(29, '67', 0, 0, 0, '1398-12-13', 1, 6, 1, 0),
(30, '678', 0, 0, 0, '1398-12-13', 1, 11, 1, 0),
(31, '68', 0, 0, 0, '1398-12-14', 1, 6, 1, 0),
(32, '69', 0, 1375, 1375, '1398-12-14', 1, 6, 1, 0),
(33, '68', 0, 0, 6760, '1398-12-14', 1, 12, 1, 0),
(34, '70', 0, 0, 1, '1398-12-15', 1, 6, 1, 0),
(35, '70', 0, 0, 1145, '1398-12-15', 1, 6, 1, 0),
(36, '70', 0, 0, 0, '1398-12-15', 2, 6, 1, 1),
(37, '101010', 0, 0, 0, '1398-11-30', 1, 6, 1, 1),
(38, '456', 0, 0, 28000, '1398-12-04', 1, 7, 1, 0),
(39, '456', 0, 0, 0, '1398-12-04', 1, 2, 1, 1),
(40, '456', 0, 0, 0, '1398-12-04', 1, 3, 1, 0);

-- --------------------------------------------------------

--
-- Table structure for table `sale_product`
--

CREATE TABLE `sale_product` (
  `sale_id` int(11) UNSIGNED NOT NULL,
  `sale_factor_id` int(10) UNSIGNED NOT NULL,
  `product_id` int(10) UNSIGNED NOT NULL,
  `buy_price` float NOT NULL,
  `sale_price` float NOT NULL,
  `package_price` double UNSIGNED NOT NULL,
  `uniit_price` double UNSIGNED NOT NULL,
  `total_price` double UNSIGNED NOT NULL,
  `quantity` int(10) UNSIGNED NOT NULL,
  `sale_date` date NOT NULL,
  `status` tinyint(3) UNSIGNED NOT NULL DEFAULT 0
) ENGINE=InnoDB DEFAULT CHARSET=utf8mb4;

--
-- Dumping data for table `sale_product`
--

INSERT INTO `sale_product` (`sale_id`, `sale_factor_id`, `product_id`, `buy_price`, `sale_price`, `package_price`, `uniit_price`, `total_price`, `quantity`, `sale_date`, `status`) VALUES
(1, 1, 5, 207, 255, 255, 255, 0, 0, '1398-11-27', 0),
(2, 2, 8, 94, 140, 140, 140, 0, 0, '1398-11-28', 0),
(3, 3, 6, 724, 890, 890, 890, 0, 0, '1398-11-28', 0),
(4, 4, 17, 228, 250, 250, 250, 0, 0, '1398-11-29', 0),
(5, 5, 6, 724, 890, 890, 890, 17800, 20, '1398-11-28', 0),
(6, 7, 17, 228, 250, 250, 250, 100000, 400, '1398-11-29', 0),
(7, 8, 17, 228, 280, 280, 280, 280, 1, '1398-11-29', 0),
(8, 9, 6, 724, 930, 930, 930, 930, 1, '1398-11-29', 0),
(9, 9, 22, 163, 180, 180, 180, 360, 2, '1398-11-29', 0),
(10, 10, 12, 199, 255, 255, 255, 255, 1, '1398-12-25', 0),
(11, 10, 8, 94, 140, 140, 140, 140, 1, '1398-12-25', 0),
(12, 11, 5, 207, 255, 255, 255, 765, 3, '1398-11-30', 0),
(13, 12, 12, 199, 275, 275, 275, 1375, 5, '1398-12-03', 0),
(14, 12, 22, 163, 180, 180, 180, 900, 5, '1398-12-03', 0),
(15, 12, 13, 442, 530, 530, 530, 530, 1, '1398-12-03', 0),
(16, 12, 6, 724, 900, 900, 900, 1800, 2, '1398-12-03', 0),
(17, 13, 7, 117, 190, 190, 190, 2470, 13, '1398-12-04', 0),
(18, 14, 22, 163, 180, 180, 180, 900, 5, '1398-12-04', 0),
(19, 15, 5, 207, 260, 260, 260, 260, 1, '1398-12-06', 0),
(20, 15, 16, 116, 160, 160, 160, 160, 1, '1398-12-06', 0),
(21, 16, 16, 1116, 160, 160, 160, 160, 1, '1398-12-08', 0),
(22, 17, 22, 163, 180, 180, 180, 180, 1, '1398-12-06', 0),
(23, 17, 16, 1116, 160, 160, 160, 160, 1, '1398-12-06', 0),
(24, 17, 6, 724, 850, 850, 850, 850, 1, '1398-12-06', 0),
(25, 18, 5, 207, 250, 250, 250, 50000, 200, '1398-12-07', 0),
(26, 19, 7, 117, 200, 200, 200, 400, 2, '1398-12-07', 0),
(27, 19, 19, 264, 450, 450, 450, 450, 1, '1398-12-07', 0),
(28, 20, 17, 228, 280, 280, 280, 280, 1, '1398-11-28', 0),
(29, 20, 22, 163, 180, 180, 180, 360, 2, '1398-11-28', 0),
(30, 20, 19, 264, 390, 390, 390, 19500, 50, '1398-11-28', 0),
(31, 20, 20, 339, 390, 390, 390, 7800, 20, '1398-11-28', 0),
(32, 20, 12, 199, 280, 280, 280, 280, 1, '1398-11-28', 0),
(33, 20, 16, 1116, 170, 170, 170, 170, 1, '1398-11-28', 0),
(34, 20, 16, 1116, 170, 170, 170, 170, 1, '1398-11-28', 0),
(35, 20, 7, 117, 200, 200, 200, 200, 1, '1398-11-28', 0),
(36, 20, 22, 163, 180, 180, 180, 360, 2, '1398-11-28', 0),
(37, 20, 14, 200, 280, 280, 280, 280, 1, '1398-11-28', 0),
(38, 20, 5, 207, 260, 260, 260, 260, 1, '1398-11-28', 0),
(39, 20, 17, 228, 280, 280, 280, 1400, 5, '1398-11-28', 0),
(40, 20, 17, 228, 290, 290, 290, 290, 1, '1398-11-28', 0),
(41, 20, 7, 117, 200, 200, 200, 600, 3, '1398-11-28', 0),
(42, 20, 17, 228, 290, 290, 290, 3190, 11, '1398-11-28', 0),
(43, 21, 14, 200, 280, 280, 280, 280, 1, '1398-12-04', 0),
(44, 21, 14, 200, 280, 280, 280, 2800, 10, '1398-12-04', 0),
(45, 21, 14, 200, 280, 280, 280, 840, 3, '1398-12-04', 0),
(46, 21, 14, 200, 280, 280, 280, 560, 2, '1398-12-04', 0),
(47, 21, 5, 207, 260, 260, 260, 780, 3, '1398-12-04', 0),
(48, 21, 12, 199, 275, 275, 275, 550, 2, '1398-12-04', 0),
(49, 22, 16, 1116, 155, 155, 155, 3100, 20, '1398-12-08', 0),
(50, 23, 15, 169, 220, 220, 220, 1100, 5, '1398-12-08', 0),
(51, 23, 22, 163, 180, 180, 180, 180, 1, '1398-12-08', 0),
(52, 23, 5, 207, 250, 250, 250, 5000, 20, '1398-12-08', 0),
(53, 23, 5, 207, 250, 250, 250, 500, 2, '1398-12-08', 0),
(54, 23, 5, 207, 255, 255, 255, 5100, 20, '1398-12-08', 0),
(55, 23, 5, 207, 250, 250, 250, 1500, 6, '1398-12-08', 0),
(56, 23, 6, 724, 850, 850, 850, 1700, 2, '1398-12-08', 0),
(57, 24, 5, 207, 250, 250, 250, 25000, 100, '1398-12-11', 0),
(58, 25, 5, 207, 250, 250, 250, 1250, 5, '1398-12-11', 0),
(59, 25, 22, 163, 180, 180, 180, 180, 1, '1398-12-11', 0),
(60, 25, 5, 207, 260, 260, 260, 260, 1, '1398-12-11', 0),
(61, 25, 15, 169, 220, 220, 220, 1100, 5, '1398-12-11', 0),
(62, 26, 5, 207, 250, 250, 250, 125000, 500, '1398-12-11', 0),
(63, 27, 5, 207, 250, 250, 250, 12500, 50, '1398-12-12', 0),
(64, 27, 5, 207, 250, 250, 250, 17500, 70, '1398-12-12', 0),
(65, 27, 7, 117, 200, 200, 200, 400, 2, '1398-12-12', 0),
(66, 28, 5, 207, 250, 250, 250, 125000, 500, '1398-12-13', 0),
(67, 29, 31, 487, 640, 640, 640, 3200, 5, '1398-12-13', 0),
(68, 29, 5, 207, 255, 255, 255, 2550, 10, '1398-12-13', 0),
(69, 29, 29, 197, 275, 275, 275, 1375, 5, '1398-12-13', 0),
(70, 29, 31, 487, 640, 640, 640, 640, 1, '1398-12-13', 0),
(71, 29, 29, 197, 280, 280, 280, 280, 1, '1398-12-13', 0),
(72, 29, 31, 487, 635, 635, 635, 3810, 6, '1398-12-13', 0),
(73, 29, 32, 133, 200, 200, 200, 3000, 15, '1398-12-13', 0),
(74, 29, 31, 487, 640, 640, 640, 9600, 15, '1398-12-13', 0),
(75, 30, 31, 487, 635, 635, 635, 12700, 20, '1398-12-13', 0),
(76, 31, 29, 197, 275, 275, 275, 825, 3, '1398-12-14', 0),
(77, 31, 31, 487, 640, 640, 640, 3200, 5, '1398-12-14', 0),
(78, 31, 27, 115, 180, 180, 180, 3600, 20, '1398-12-14', 0),
(79, 31, 27, 115, 180, 180, 180, 32400, 180, '1398-12-14', 0),
(80, 31, 31, 487, 635, 635, 635, 2540, 4, '1398-12-14', 0),
(81, 31, 28, 177, 250, 250, 250, 250, 1, '1398-12-14', 0),
(82, 31, 6, 724, 850, 850, 850, 2550, 3, '1398-12-14', 0),
(83, 31, 31, 487, 640, 640, 640, 1280, 2, '1398-12-14', 0),
(84, 31, 29, 197, 275, 275, 275, 1375, 5, '1398-12-14', 0),
(85, 31, 14, 200, 260, 260, 260, 520, 2, '1398-12-14', 0),
(86, 31, 34, 162, 200, 200, 200, 200, 1, '1398-12-14', 0),
(87, 31, 35, 127, 200, 200, 200, 5000, 25, '1398-12-14', 0),
(88, 31, 36, 141, 200, 200, 200, 5000, 25, '1398-12-14', 0),
(89, 31, 34, 162, 210, 210, 210, 4200, 20, '1398-12-14', 0),
(90, 31, 42, 95, 250, 250, 250, 1250, 5, '1398-12-14', 0),
(91, 31, 43, 106, 235, 235, 235, 4700, 20, '1398-12-14', 0),
(92, 32, 29, 197, 275, 275, 275, 1375, 5, '1398-12-14', 0),
(93, 33, 29, 197, 280, 280, 280, 4200, 15, '1398-12-14', 0),
(94, 33, 31, 487, 640, 640, 640, 2560, 4, '1398-12-14', 0),
(96, 34, 36, 141, 200, 200, 200, 400, 2, '1398-12-15', 0),
(99, 34, 29, 197, 280, 280, 280, 280, 1, '1398-12-15', 0),
(101, 34, 34, 162, 210, 210, 210, 210, 1, '1398-12-15', 0),
(104, 34, 31, 487, 640, 640, 640, 1280, 2, '1398-12-15', 0),
(106, 34, 32, 133, 195, 195, 195, 18525, 95, '1398-12-15', 0),
(107, 35, 35, 127, 200, 200, 200, 400, 2, '1398-12-15', 0),
(108, 35, 36, 141, 200, 200, 200, 400, 2, '1398-12-15', 0),
(109, 35, 31, 487, 640, 640, 640, 640, 1, '1398-12-15', 0),
(110, 35, 31, 487, 640, 640, 640, 1280, 2, '1398-12-15', 0),
(111, 35, 29, 197, 280, 280, 280, 280, 1, '1398-12-15', 0),
(112, 35, 29, 197, 280, 280, 280, 560, 2, '1398-12-15', 0),
(113, 35, 34, 162, 210, 210, 210, 210, 1, '1398-12-15', 0),
(114, 35, 31, 487, 640, 640, 640, 3200, 5, '1398-12-15', 0),
(115, 35, 29, 197, 275, 275, 275, 1375, 5, '1398-12-15', 0),
(116, 35, 31, 487, 640, 640, 640, 1280, 2, '1398-12-15', 0),
(127, 37, 40, 106, 150, 150, 150, 0, 0, '1398-11-30', 1),
(128, 38, 14, 200, 280, 280, 280, 28000, 100, '1398-12-04', 0),
(129, 39, 14, 200, 280, 280, 280, 0, 0, '1398-12-04', 1),
(130, 40, 2, 200, 865, 280, 280, 0, 0, '1398-12-04', 0);

-- --------------------------------------------------------

--
-- Table structure for table `store`
--

CREATE TABLE `store` (
  `store_id` int(11) UNSIGNED NOT NULL,
  `store_name` varchar(40) NOT NULL,
  `money_store_id` int(11) NOT NULL,
  `store_address` varchar(255) NOT NULL,
  `agency_id` int(11) DEFAULT NULL,
  `status` smallint(6) NOT NULL DEFAULT 0
) ENGINE=InnoDB DEFAULT CHARSET=utf8;

--
-- Dumping data for table `store`
--

INSERT INTO `store` (`store_id`, `store_name`, `money_store_id`, `store_address`, `agency_id`, `status`) VALUES
(1, 'مارکت بشیری', 1, 'هرات جاده بهزاد مارکت بشیری دوکان 27', NULL, 0),
(2, 'مارکت صدف', 2, 'هرات جاده بهزاد مارکت صدف', NULL, 0),
(3, 'گدام عمومی', 1, 'هرات روبروی باغ زنانه', NULL, 0);

-- --------------------------------------------------------

--
-- Table structure for table `store_prod_transfer`
--

CREATE TABLE `store_prod_transfer` (
  `store_transfer_id` int(11) NOT NULL,
  `sender_store_id` int(11) NOT NULL,
  `receiver_store_id` int(11) NOT NULL,
  `product_id` int(11) NOT NULL,
  `quantity` float NOT NULL,
  `date` date NOT NULL,
  `status` tinyint(11) NOT NULL DEFAULT 0
) ENGINE=InnoDB DEFAULT CHARSET=utf8;

--
-- Dumping data for table `store_prod_transfer`
--

INSERT INTO `store_prod_transfer` (`store_transfer_id`, `sender_store_id`, `receiver_store_id`, `product_id`, `quantity`, `date`, `status`) VALUES
(1, 3, 1, 14, 140, '1398-11-27', 0),
(2, 3, 1, 17, 26, '1398-11-27', 0),
(3, 3, 1, 13, 63, '1398-11-27', 0),
(4, 3, 1, 18, 58, '1398-11-27', 0),
(5, 3, 1, 12, 358, '1398-11-27', 0),
(6, 3, 1, 5, 186, '1398-11-27', 0),
(7, 3, 1, 16, 110, '1398-11-27', 0),
(8, 3, 1, 25, 34, '1398-11-27', 0),
(9, 3, 1, 6, 27, '1398-11-27', 0),
(10, 3, 1, 20, 30, '1398-11-27', 0),
(11, 3, 1, 7, 15, '1398-11-27', 0),
(12, 3, 1, 22, 116, '1398-11-27', 0),
(13, 3, 1, 19, 51, '1398-11-27', 0),
(14, 3, 1, 8, 22, '1398-11-27', 0),
(15, 3, 1, 4, 8, '1398-11-27', 0),
(16, 3, 1, 3, 59, '1398-11-27', 0),
(17, 3, 1, 1, 196, '1398-11-27', 0),
(18, 3, 1, 2, 16, '1398-11-27', 0),
(19, 3, 2, 14, 91, '1398-11-27', 0),
(20, 3, 2, 17, 20, '1398-11-27', 0),
(21, 3, 2, 13, 64, '1398-11-27', 0),
(22, 3, 2, 18, 12, '1398-11-27', 0),
(23, 3, 2, 12, 119, '1398-11-27', 0),
(24, 3, 2, 5, 181, '1398-11-27', 0),
(25, 3, 2, 16, 76, '1398-11-27', 0),
(26, 3, 2, 25, 39, '1398-11-27', 0),
(27, 3, 2, 6, 19, '1398-11-27', 0),
(28, 3, 2, 20, 15, '1398-11-27', 0),
(29, 3, 2, 7, 23, '1398-11-27', 0),
(30, 3, 2, 22, 96, '1398-11-27', 0),
(31, 3, 2, 19, 26, '1398-11-27', 0),
(32, 3, 2, 8, 11, '1398-11-27', 0),
(33, 3, 2, 3, 12, '1398-11-27', 0),
(34, 3, 2, 1, 14, '1398-11-27', 0),
(35, 3, 1, 2, 45, '1398-11-27', 0),
(36, 1, 2, 19, 24, '1398-11-29', 0),
(37, 1, 2, 20, 20, '1398-11-29', 0),
(38, 1, 3, 17, 25, '1398-11-30', 0),
(39, 2, 3, 17, 1, '1398-11-30', 0),
(40, 2, 3, 18, 12, '1398-11-29', 0),
(41, 1, 3, 18, 58, '1398-11-29', 0),
(42, 3, 1, 6, 30, '1398-11-27', 0),
(43, 3, 1, 15, 130, '1398-12-10', 0),
(44, 3, 1, 5, 200, '1398-12-11', 0),
(45, 2, 1, 7, 19, '1398-12-13', 0),
(46, 2, 1, 20, 15, '1398-12-13', 0),
(47, 1, 3, 5, 170, '1398-12-13', 0),
(48, 3, 1, 31, 310, '1398-12-13', 0),
(49, 1, 2, 31, 67, '1398-12-13', 0),
(50, 3, 1, 29, 307, '1398-12-13', 0),
(51, 3, 1, 32, 358, '1398-12-13', 0),
(52, 1, 2, 29, 130, '1398-12-13', 0),
(53, 1, 2, 32, 180, '1398-12-13', 0),
(54, 1, 3, 15, 120, '1398-12-14', 0),
(55, 3, 1, 27, 200, '1398-12-14', 0),
(56, 3, 1, 28, 50, '1398-12-14', 0),
(57, 1, 2, 28, 15, '1398-12-14', 0),
(58, 3, 1, 35, 46, '1398-12-14', 0),
(59, 3, 1, 34, 44, '1398-12-14', 0),
(60, 3, 1, 36, 60, '1398-12-14', 0),
(61, 1, 2, 35, 10, '1398-12-14', 0),
(62, 1, 2, 36, 10, '1398-12-14', 0),
(63, 3, 1, 31, 40, '1398-11-15', 0),
(64, 1, 2, 31, 10, '1398-11-15', 0),
(65, 3, 1, 5, 10, '1398-12-15', 0),
(66, 3, 2, 29, 30, '1398-12-15', 0),
(67, 2, 1, 31, 10, '1398-12-15', 0);

-- --------------------------------------------------------

--
-- Table structure for table `transfer_money`
--

CREATE TABLE `transfer_money` (
  `transfer_id` int(10) UNSIGNED NOT NULL,
  `sender_id` int(10) UNSIGNED NOT NULL,
  `receiver_id` int(10) UNSIGNED NOT NULL,
  `payment_amount` float NOT NULL,
  `rate` float NOT NULL,
  `date` date NOT NULL,
  `description` text NOT NULL,
  `status` int(11) NOT NULL DEFAULT 0
) ENGINE=InnoDB DEFAULT CHARSET=utf8;

--
-- Dumping data for table `transfer_money`
--

INSERT INTO `transfer_money` (`transfer_id`, `sender_id`, `receiver_id`, `payment_amount`, `rate`, `date`, `description`, `status`) VALUES
(1, 2, 1, 30000, 1, '1398-12-10', 'انتقال سی هزار افغانی به دوکان بشیری جهت پرداخت به صرافی', 0),
(2, 1, 5, 100000, 1, '1398-12-10', 'مبلغ یکصد هزار افغانی به صرافی عزیز پرداخت شد', 0);

-- --------------------------------------------------------

--
-- Table structure for table `user`
--

CREATE TABLE `user` (
  `user_id` int(11) NOT NULL,
  `name` varchar(40) NOT NULL,
  `last_name` varchar(40) NOT NULL,
  `username` varchar(40) NOT NULL,
  `remember_token` varchar(100) DEFAULT NULL,
  `password` varchar(60) NOT NULL,
  `user_level` tinyint(4) NOT NULL,
  `agency_id` int(11) NOT NULL DEFAULT 1,
  `status` int(11) NOT NULL DEFAULT 0
) ENGINE=InnoDB DEFAULT CHARSET=utf8;

--
-- Dumping data for table `user`
--

INSERT INTO `user` (`user_id`, `name`, `last_name`, `username`, `remember_token`, `password`, `user_level`, `agency_id`, `status`) VALUES
(1, 'ebrahim', 'mohammadi', 'admin', 'w3DpL0tmkGo6qzul6ltWJRLVLhRYobZH8F8zBQFNqODJu9n7ZSRJR6Dx4XD1', '$2y$10$I5Cg1daymP28uwRhEiByiOxESR5RXFnlkLt26wjaBSGvXSVCI8DBq', 1, 0, 0),
(3, 'Ashour', 'Hussaini', 'ashour_hussaini', NULL, '$2y$10$2kN9if9JWZ9thCtvcO5NAOVhUaNQUlQhB.3oDE9PqntLNwsqbfuZ.', 1, 0, 1),
(4, 'Ashour', 'Hussaini', 'ashour_hussaini', NULL, '$2y$10$bT52Tr1Q6kcBQ9A9CJ3Hxe48ZnXVTo4xKyEGHBeZaX6FhBOoL4Cu6', 1, 0, 1),
(7, 'Ashour', 'Hussaini', 'ashour_hussaini', NULL, '$2y$10$0QzvkafNt.peER4BRkRU6u9a48onTcBp4X56rhkrRBi5j/dYCcaNa', 2, 0, 1),
(8, 'Amin', 'Karimi', 'amin_karimi', NULL, '$2y$10$fF6a.qj0WqemkKNAzLF7wOveK..g/LQVB/iJLeBEyAdFIjHIXr29q', 1, 0, 0),
(9, 'jumah', 'no enter', 'mohammadi', NULL, '$2y$10$wVhwmtdCiDyihXyxZ4G7buWotV5.skzpqO0iJoatrEUy9xhNtqAd2', 2, 0, 1),
(10, 'hassan', 'javadi', 'javad_hussaini', NULL, '$2y$10$C3DJBxR8vZL116U8ItrBA.tts5KbJlMglblkTG9ziXLdd4v1FizKK', 2, 0, 1),
(11, 'ali', 'alai', 'hassan', NULL, '$2y$10$.n.aE.ryS.ypgWhIR5f40.46Fsn2echVTs.SmkZDC2eAVBQYQdZk.', 1, 0, 1),
(12, 'Ashraf', 'Arefi', 'ashraf@gmail.com', NULL, '$2y$10$IeR1DoGzi7PIx84oc7FhGe1RBX9UO5PrkWZbAC3mbt3uZUmNTNBq6', 1, 0, 1);

--
-- Indexes for dumped tables
--

--
-- Indexes for table `add_money`
--
ALTER TABLE `add_money`
  ADD PRIMARY KEY (`add_money_id`);

--
-- Indexes for table `buy_factor`
--
ALTER TABLE `buy_factor`
  ADD PRIMARY KEY (`buy_factor_id`),
  ADD UNIQUE KEY `factor_code` (`factor_code`),
  ADD KEY `FK_BuyFactorUser` (`user_id`),
  ADD KEY `FK_CompanyBuyFactor` (`company_id`),
  ADD KEY `FK_StoreBuyFactor` (`store_id`);

--
-- Indexes for table `buy_product`
--
ALTER TABLE `buy_product`
  ADD PRIMARY KEY (`buy_product_id`),
  ADD KEY `FK_BuyProductProductId` (`product_id`),
  ADD KEY `FK_BuyProduct_BuyFactor` (`buy_factor_id`);

--
-- Indexes for table `car_revenue`
--
ALTER TABLE `car_revenue`
  ADD PRIMARY KEY (`car_revenue_id`);

--
-- Indexes for table `catch_money`
--
ALTER TABLE `catch_money`
  ADD PRIMARY KEY (`id`);

--
-- Indexes for table `category`
--
ALTER TABLE `category`
  ADD PRIMARY KEY (`category_id`);

--
-- Indexes for table `company`
--
ALTER TABLE `company`
  ADD PRIMARY KEY (`company_id`);

--
-- Indexes for table `currency`
--
ALTER TABLE `currency`
  ADD PRIMARY KEY (`currency_id`);

--
-- Indexes for table `customer`
--
ALTER TABLE `customer`
  ADD PRIMARY KEY (`customer_id`);

--
-- Indexes for table `customer_payment`
--
ALTER TABLE `customer_payment`
  ADD PRIMARY KEY (`customer_payment_id`);

--
-- Indexes for table `employee`
--
ALTER TABLE `employee`
  ADD PRIMARY KEY (`employee_id`),
  ADD UNIQUE KEY `phone` (`phone`),
  ADD UNIQUE KEY `email` (`email`),
  ADD KEY `FK_EmployeePosition` (`position`);

--
-- Indexes for table `employee_position`
--
ALTER TABLE `employee_position`
  ADD PRIMARY KEY (`position_id`);

--
-- Indexes for table `expense`
--
ALTER TABLE `expense`
  ADD PRIMARY KEY (`expense_id`),
  ADD KEY `employee_expense_fk` (`employee_id`),
  ADD KEY `FK_ExpensReason` (`expense_reason_id`);

--
-- Indexes for table `expense_reason`
--
ALTER TABLE `expense_reason`
  ADD PRIMARY KEY (`expense_reason_id`);

--
-- Indexes for table `first_equipment_money`
--
ALTER TABLE `first_equipment_money`
  ADD PRIMARY KEY (`first_money_eq_id`);

--
-- Indexes for table `money_store`
--
ALTER TABLE `money_store`
  ADD PRIMARY KEY (`store_id`);

--
-- Indexes for table `owner`
--
ALTER TABLE `owner`
  ADD PRIMARY KEY (`owner_id`);

--
-- Indexes for table `product`
--
ALTER TABLE `product`
  ADD PRIMARY KEY (`product_id`),
  ADD KEY `FK_CategoryProduct` (`category_id`),
  ADD KEY `FK_UnitProduct` (`unit_id`);

--
-- Indexes for table `product_store`
--
ALTER TABLE `product_store`
  ADD PRIMARY KEY (`product_stor_id`),
  ADD KEY `FK_ProductStor` (`store_id`),
  ADD KEY `FK_ProductStorProduct_id` (`product_id`);

--
-- Indexes for table `product_unit`
--
ALTER TABLE `product_unit`
  ADD PRIMARY KEY (`unit_id`);

--
-- Indexes for table `reason_pay`
--
ALTER TABLE `reason_pay`
  ADD PRIMARY KEY (`id`);

--
-- Indexes for table `salary_payment`
--
ALTER TABLE `salary_payment`
  ADD PRIMARY KEY (`payment_id`);

--
-- Indexes for table `sales_return`
--
ALTER TABLE `sales_return`
  ADD PRIMARY KEY (`return_id`),
  ADD KEY `product_sales_return_fk` (`product_id`),
  ADD KEY `sales_salesreturn_fk` (`sales_id`);

--
-- Indexes for table `sale_factor`
--
ALTER TABLE `sale_factor`
  ADD PRIMARY KEY (`sale_factor_id`),
  ADD KEY `sale_factor_user_id_indext` (`user_id`),
  ADD KEY `FK_SaleProductCustomer` (`customer_id`);

--
-- Indexes for table `sale_product`
--
ALTER TABLE `sale_product`
  ADD PRIMARY KEY (`sale_id`),
  ADD KEY `sale_factor_id_index` (`sale_factor_id`),
  ADD KEY `product_id_index` (`product_id`);

--
-- Indexes for table `store`
--
ALTER TABLE `store`
  ADD PRIMARY KEY (`store_id`);

--
-- Indexes for table `store_prod_transfer`
--
ALTER TABLE `store_prod_transfer`
  ADD PRIMARY KEY (`store_transfer_id`);

--
-- Indexes for table `transfer_money`
--
ALTER TABLE `transfer_money`
  ADD PRIMARY KEY (`transfer_id`);

--
-- Indexes for table `user`
--
ALTER TABLE `user`
  ADD PRIMARY KEY (`user_id`);

--
-- AUTO_INCREMENT for dumped tables
--

--
-- AUTO_INCREMENT for table `add_money`
--
ALTER TABLE `add_money`
  MODIFY `add_money_id` int(11) NOT NULL AUTO_INCREMENT, AUTO_INCREMENT=13;

--
-- AUTO_INCREMENT for table `buy_factor`
--
ALTER TABLE `buy_factor`
  MODIFY `buy_factor_id` int(11) UNSIGNED NOT NULL AUTO_INCREMENT, AUTO_INCREMENT=25;

--
-- AUTO_INCREMENT for table `buy_product`
--
ALTER TABLE `buy_product`
  MODIFY `buy_product_id` int(11) UNSIGNED NOT NULL AUTO_INCREMENT, AUTO_INCREMENT=77;

--
-- AUTO_INCREMENT for table `car_revenue`
--
ALTER TABLE `car_revenue`
  MODIFY `car_revenue_id` int(10) UNSIGNED NOT NULL AUTO_INCREMENT;

--
-- AUTO_INCREMENT for table `catch_money`
--
ALTER TABLE `catch_money`
  MODIFY `id` int(11) NOT NULL AUTO_INCREMENT, AUTO_INCREMENT=31;

--
-- AUTO_INCREMENT for table `category`
--
ALTER TABLE `category`
  MODIFY `category_id` int(11) UNSIGNED NOT NULL AUTO_INCREMENT, AUTO_INCREMENT=2;

--
-- AUTO_INCREMENT for table `company`
--
ALTER TABLE `company`
  MODIFY `company_id` int(11) UNSIGNED NOT NULL AUTO_INCREMENT, AUTO_INCREMENT=7;

--
-- AUTO_INCREMENT for table `currency`
--
ALTER TABLE `currency`
  MODIFY `currency_id` int(11) NOT NULL AUTO_INCREMENT, AUTO_INCREMENT=3;

--
-- AUTO_INCREMENT for table `customer`
--
ALTER TABLE `customer`
  MODIFY `customer_id` int(11) UNSIGNED NOT NULL AUTO_INCREMENT, AUTO_INCREMENT=13;

--
-- AUTO_INCREMENT for table `customer_payment`
--
ALTER TABLE `customer_payment`
  MODIFY `customer_payment_id` bigint(20) NOT NULL AUTO_INCREMENT, AUTO_INCREMENT=3;

--
-- AUTO_INCREMENT for table `employee`
--
ALTER TABLE `employee`
  MODIFY `employee_id` int(11) UNSIGNED NOT NULL AUTO_INCREMENT, AUTO_INCREMENT=17;

--
-- AUTO_INCREMENT for table `employee_position`
--
ALTER TABLE `employee_position`
  MODIFY `position_id` int(11) UNSIGNED NOT NULL AUTO_INCREMENT, AUTO_INCREMENT=4;

--
-- AUTO_INCREMENT for table `expense`
--
ALTER TABLE `expense`
  MODIFY `expense_id` int(11) UNSIGNED NOT NULL AUTO_INCREMENT, AUTO_INCREMENT=19;

--
-- AUTO_INCREMENT for table `expense_reason`
--
ALTER TABLE `expense_reason`
  MODIFY `expense_reason_id` int(11) UNSIGNED NOT NULL AUTO_INCREMENT, AUTO_INCREMENT=9;

--
-- AUTO_INCREMENT for table `first_equipment_money`
--
ALTER TABLE `first_equipment_money`
  MODIFY `first_money_eq_id` int(11) NOT NULL AUTO_INCREMENT, AUTO_INCREMENT=11;

--
-- AUTO_INCREMENT for table `money_store`
--
ALTER TABLE `money_store`
  MODIFY `store_id` int(11) NOT NULL AUTO_INCREMENT, AUTO_INCREMENT=6;

--
-- AUTO_INCREMENT for table `owner`
--
ALTER TABLE `owner`
  MODIFY `owner_id` int(11) NOT NULL AUTO_INCREMENT, AUTO_INCREMENT=4;

--
-- AUTO_INCREMENT for table `product`
--
ALTER TABLE `product`
  MODIFY `product_id` int(11) UNSIGNED NOT NULL AUTO_INCREMENT, AUTO_INCREMENT=46;

--
-- AUTO_INCREMENT for table `product_store`
--
ALTER TABLE `product_store`
  MODIFY `product_stor_id` int(11) UNSIGNED NOT NULL AUTO_INCREMENT, AUTO_INCREMENT=112;

--
-- AUTO_INCREMENT for table `product_unit`
--
ALTER TABLE `product_unit`
  MODIFY `unit_id` int(10) UNSIGNED NOT NULL AUTO_INCREMENT, AUTO_INCREMENT=15;

--
-- AUTO_INCREMENT for table `salary_payment`
--
ALTER TABLE `salary_payment`
  MODIFY `payment_id` int(10) UNSIGNED NOT NULL AUTO_INCREMENT, AUTO_INCREMENT=11;

--
-- AUTO_INCREMENT for table `sale_factor`
--
ALTER TABLE `sale_factor`
  MODIFY `sale_factor_id` int(11) UNSIGNED NOT NULL AUTO_INCREMENT, AUTO_INCREMENT=41;

--
-- AUTO_INCREMENT for table `sale_product`
--
ALTER TABLE `sale_product`
  MODIFY `sale_id` int(11) UNSIGNED NOT NULL AUTO_INCREMENT, AUTO_INCREMENT=131;

--
-- AUTO_INCREMENT for table `store`
--
ALTER TABLE `store`
  MODIFY `store_id` int(11) UNSIGNED NOT NULL AUTO_INCREMENT, AUTO_INCREMENT=4;

--
-- AUTO_INCREMENT for table `store_prod_transfer`
--
ALTER TABLE `store_prod_transfer`
  MODIFY `store_transfer_id` int(11) NOT NULL AUTO_INCREMENT, AUTO_INCREMENT=68;

--
-- AUTO_INCREMENT for table `transfer_money`
--
ALTER TABLE `transfer_money`
  MODIFY `transfer_id` int(10) UNSIGNED NOT NULL AUTO_INCREMENT, AUTO_INCREMENT=3;

--
-- AUTO_INCREMENT for table `user`
--
ALTER TABLE `user`
  MODIFY `user_id` int(11) NOT NULL AUTO_INCREMENT, AUTO_INCREMENT=13;
COMMIT;

/*!40101 SET CHARACTER_SET_CLIENT=@OLD_CHARACTER_SET_CLIENT */;
/*!40101 SET CHARACTER_SET_RESULTS=@OLD_CHARACTER_SET_RESULTS */;
/*!40101 SET COLLATION_CONNECTION=@OLD_COLLATION_CONNECTION */;
